id,reftime,station_id,city,location,ozono,no2,no
1384386,2025-03-01 00:00:00,4000022,MODENA,PARCO FERRARI,23,23,4
1384387,2025-03-01 01:00:00,4000022,MODENA,PARCO FERRARI,23,18,3
1384388,2025-03-01 02:00:00,4000022,MODENA,PARCO FERRARI,25,15,2
1384389,2025-03-01 03:00:00,4000022,MODENA,PARCO FERRARI,33,13,1
1384390,2025-03-01 04:00:00,4000022,MODENA,PARCO FERRARI,31,15,1
1384391,2025-03-01 05:00:00,4000022,MODENA,PARCO FERRARI,36,13,3
1384392,2025-03-01 06:00:00,4000022,MODENA,PARCO FERRARI,35,14,4
1384393,2025-03-01 07:00:00,4000022,MODENA,PARCO FERRARI,27,16,4
1384394,2025-03-01 08:00:00,4000022,MODENA,PARCO FERRARI,24,16,4
1384395,2025-03-01 09:00:00,4000022,MODENA,PARCO FERRARI,22,20,5
1384396,2025-03-01 10:00:00,4000022,MODENA,PARCO FERRARI,32,19,3
1384397,2025-03-01 11:00:00,4000022,MODENA,PARCO FERRARI,36,15,2
1384398,2025-03-01 12:00:00,4000022,MODENA,PARCO FERRARI,43,11,2
1384399,2025-03-01 13:00:00,4000022,MODENA,PARCO FERRARI,41,13,3
1384400,2025-03-01 14:00:00,4000022,MODENA,PARCO FERRARI,48,11,2
1384401,2025-03-01 15:00:00,4000022,MODENA,PARCO FERRARI,52,10,1
1384402,2025-03-01 16:00:00,4000022,MODENA,PARCO FERRARI,41,15,2
1384403,2025-03-01 17:00:00,4000022,MODENA,PARCO FERRARI,36,17,2
1384404,2025-03-01 18:00:00,4000022,MODENA,PARCO FERRARI,40,15,1
1384405,2025-03-01 19:00:00,4000022,MODENA,PARCO FERRARI,33,17,2
1384406,2025-03-01 20:00:00,4000022,MODENA,PARCO FERRARI,17,26,4
1384407,2025-03-01 21:00:00,4000022,MODENA,PARCO FERRARI,7,39,11
1384408,2025-03-01 22:00:00,4000022,MODENA,PARCO FERRARI,12,33,7
1384409,2025-03-01 23:00:00,4000022,MODENA,PARCO FERRARI,9,31,7
1384410,2025-03-02 00:00:00,4000022,MODENA,PARCO FERRARI,7,27,6
1384411,2025-03-02 01:00:00,4000022,MODENA,PARCO FERRARI,6,31,8
1384412,2025-03-02 02:00:00,4000022,MODENA,PARCO FERRARI,7,27,6
1384413,2025-03-02 03:00:00,4000022,MODENA,PARCO FERRARI,8,26,6
1384414,2025-03-02 04:00:00,4000022,MODENA,PARCO FERRARI,9,20,6
1384415,2025-03-02 05:00:00,4000022,MODENA,PARCO FERRARI,7,24,6
1384416,2025-03-02 06:00:00,4000022,MODENA,PARCO FERRARI,11,23,7
1384417,2025-03-02 07:00:00,4000022,MODENA,PARCO FERRARI,11,19,6
1384418,2025-03-02 08:00:00,4000022,MODENA,PARCO FERRARI,8,19,10
1384419,2025-03-02 09:00:00,4000022,MODENA,PARCO FERRARI,16,25,16
1384421,2025-03-02 10:00:00,4000022,MODENA,PARCO FERRARI,45,14,4
1384422,2025-03-02 11:00:00,4000022,MODENA,PARCO FERRARI,54,9,2
1384424,2025-03-02 12:00:00,4000022,MODENA,PARCO FERRARI,60,8,1
1384425,2025-03-02 13:00:00,4000022,MODENA,PARCO FERRARI,68,6,1
1384426,2025-03-02 14:00:00,4000022,MODENA,PARCO FERRARI,75,5,0
1384427,2025-03-02 15:00:00,4000022,MODENA,PARCO FERRARI,83,3,0
1384428,2025-03-02 16:00:00,4000022,MODENA,PARCO FERRARI,85,3,0
1384429,2025-03-02 17:00:00,4000022,MODENA,PARCO FERRARI,83,4,0
1384430,2025-03-02 18:00:00,4000022,MODENA,PARCO FERRARI,71,7,0
1384431,2025-03-02 19:00:00,4000022,MODENA,PARCO FERRARI,36,32,3
1384432,2025-03-02 20:00:00,4000022,MODENA,PARCO FERRARI,34,29,3
1384433,2025-03-02 21:00:00,4000022,MODENA,PARCO FERRARI,11,49,10
1384434,2025-03-02 22:00:00,4000022,MODENA,PARCO FERRARI,5,51,17
1384435,2025-03-02 23:00:00,4000022,MODENA,PARCO FERRARI,15,34,11
1384436,2025-03-03 00:00:00,4000022,MODENA,PARCO FERRARI,24,24,8
1384437,2025-03-03 01:00:00,4000022,MODENA,PARCO FERRARI,19,24,8
1384438,2025-03-03 02:00:00,4000022,MODENA,PARCO FERRARI,15,22,8
1384439,2025-03-03 03:00:00,4000022,MODENA,PARCO FERRARI,16,21,8
1384440,2025-03-03 04:00:00,4000022,MODENA,PARCO FERRARI,18,18,8
1384441,2025-03-03 05:00:00,4000022,MODENA,PARCO FERRARI,17,18,7
1384442,2025-03-03 06:00:00,4000022,MODENA,PARCO FERRARI,9,24,9
1384443,2025-03-03 07:00:00,4000022,MODENA,PARCO FERRARI,6,29,12
1384444,2025-03-03 08:00:00,4000022,MODENA,PARCO FERRARI,7,32,22
1384445,2025-03-03 09:00:00,4000022,MODENA,PARCO FERRARI,15,41,27
1384446,2025-03-03 10:00:00,4000022,MODENA,PARCO FERRARI,22,44,28
1384447,2025-03-03 11:00:00,4000022,MODENA,PARCO FERRARI,44,31,11
1384448,2025-03-03 12:00:00,4000022,MODENA,PARCO FERRARI,72,12,2
1384449,2025-03-03 13:00:00,4000022,MODENA,PARCO FERRARI,76,10,1
1384450,2025-03-03 14:00:00,4000022,MODENA,PARCO FERRARI,79,12,3
1384451,2025-03-03 15:00:00,4000022,MODENA,PARCO FERRARI,87,8,1
1384452,2025-03-03 16:00:00,4000022,MODENA,PARCO FERRARI,88,7,1
1384453,2025-03-03 17:00:00,4000022,MODENA,PARCO FERRARI,89,7,0
1384454,2025-03-03 18:00:00,4000022,MODENA,PARCO FERRARI,82,11,0
1384455,2025-03-03 19:00:00,4000022,MODENA,PARCO FERRARI,58,25,0
1384456,2025-03-03 20:00:00,4000022,MODENA,PARCO FERRARI,53,29,1
1384457,2025-03-03 21:00:00,4000022,MODENA,PARCO FERRARI,32,36,4
1384458,2025-03-03 22:00:00,4000022,MODENA,PARCO FERRARI,13,58,12
1384459,2025-03-03 23:00:00,4000022,MODENA,PARCO FERRARI,4,60,31
1384460,2025-03-04 00:00:00,4000022,MODENA,PARCO FERRARI,5,54,21
1384461,2025-03-04 01:00:00,4000022,MODENA,PARCO FERRARI,5,47,22
1384462,2025-03-04 02:00:00,4000022,MODENA,PARCO FERRARI,8,36,13
1384463,2025-03-04 03:00:00,4000022,MODENA,PARCO FERRARI,6,33,13
1384464,2025-03-04 04:00:00,4000022,MODENA,PARCO FERRARI,11,34,11
1384465,2025-03-04 05:00:00,4000022,MODENA,PARCO FERRARI,8,32,11
1384466,2025-03-04 06:00:00,4000022,MODENA,PARCO FERRARI,5,28,12
1384467,2025-03-04 07:00:00,4000022,MODENA,PARCO FERRARI,3,34,23
1384468,2025-03-04 08:00:00,4000022,MODENA,PARCO FERRARI,8,35,25
1384469,2025-03-04 09:00:00,4000022,MODENA,PARCO FERRARI,17,42,24
1384470,2025-03-04 10:00:00,4000022,MODENA,PARCO FERRARI,32,36,15
1384471,2025-03-04 11:00:00,4000022,MODENA,PARCO FERRARI,48,25,7
1384472,2025-03-04 12:00:00,4000022,MODENA,PARCO FERRARI,64,17,3
1384474,2025-03-04 13:00:00,4000022,MODENA,PARCO FERRARI,73,14,2
1384475,2025-03-04 14:00:00,4000022,MODENA,PARCO FERRARI,80,20,15
1384476,2025-03-04 15:00:00,4000022,MODENA,PARCO FERRARI,85,12,1
1384477,2025-03-04 16:00:00,4000022,MODENA,PARCO FERRARI,92,9,0
1384478,2025-03-04 17:00:00,4000022,MODENA,PARCO FERRARI,95,8,0
1384479,2025-03-04 18:00:00,4000022,MODENA,PARCO FERRARI,80,12,0
1384480,2025-03-04 19:00:00,4000022,MODENA,PARCO FERRARI,46,38,2
1384481,2025-03-04 20:00:00,4000022,MODENA,PARCO FERRARI,15,68,25
1384482,2025-03-04 21:00:00,4000022,MODENA,PARCO FERRARI,5,77,73
1384483,2025-03-04 22:00:00,4000022,MODENA,PARCO FERRARI,5,69,49
1384484,2025-03-04 23:00:00,4000022,MODENA,PARCO FERRARI,12,59,22
1384485,2025-03-05 00:00:00,4000022,MODENA,PARCO FERRARI,22,41,12
1408696,2025-03-05 01:00:00,4000022,MODENA,PARCO FERRARI,32,31,9
1408697,2025-03-05 02:00:00,4000022,MODENA,PARCO FERRARI,38,25,8
1408698,2025-03-05 03:00:00,4000022,MODENA,PARCO FERRARI,38,22,7
1408699,2025-03-05 04:00:00,4000022,MODENA,PARCO FERRARI,39,18,6
1408700,2025-03-05 05:00:00,4000022,MODENA,PARCO FERRARI,21,32,8
1408701,2025-03-05 06:00:00,4000022,MODENA,PARCO FERRARI,14,38,10
1408702,2025-03-05 07:00:00,4000022,MODENA,PARCO FERRARI,8,43,12
1408703,2025-03-05 08:00:00,4000022,MODENA,PARCO FERRARI,10,44,23
1408704,2025-03-05 09:00:00,4000022,MODENA,PARCO FERRARI,15,53,34
1408705,2025-03-05 10:00:00,4000022,MODENA,PARCO FERRARI,20,46,30
1408706,2025-03-05 11:00:00,4000022,MODENA,PARCO FERRARI,44,29,10
1408706,2025-03-05 11:00:00,4000022,MODENA,PARCO FERRARI,0,17,3
1408706,2025-03-05 11:00:00,4000022,MODENA,PARCO FERRARI,0,12,1
1408707,2025-03-05 14:00:00,4000022,MODENA,PARCO FERRARI,81,9,0
1408708,2025-03-05 15:00:00,4000022,MODENA,PARCO FERRARI,91,9,0
1408709,2025-03-05 16:00:00,4000022,MODENA,PARCO FERRARI,95,8,0
1408711,2025-03-05 17:00:00,4000022,MODENA,PARCO FERRARI,98,7,0
1408712,2025-03-05 18:00:00,4000022,MODENA,PARCO FERRARI,88,12,0
1408713,2025-03-05 19:00:00,4000022,MODENA,PARCO FERRARI,52,32,1
1408714,2025-03-05 20:00:00,4000022,MODENA,PARCO FERRARI,22,63,7
1408715,2025-03-05 21:00:00,4000022,MODENA,PARCO FERRARI,7,69,33
1408716,2025-03-05 22:00:00,4000022,MODENA,PARCO FERRARI,5,71,26
1408717,2025-03-05 23:00:00,4000022,MODENA,PARCO FERRARI,5,67,57
1408718,2025-03-06 00:00:00,4000022,MODENA,PARCO FERRARI,5,58,60
1408719,2025-03-06 01:00:00,4000022,MODENA,PARCO FERRARI,5,53,29
1408720,2025-03-06 02:00:00,4000022,MODENA,PARCO FERRARI,8,48,17
1408721,2025-03-06 03:00:00,4000022,MODENA,PARCO FERRARI,6,44,16
1408722,2025-03-06 04:00:00,4000022,MODENA,PARCO FERRARI,6,41,16
1408723,2025-03-06 05:00:00,4000022,MODENA,PARCO FERRARI,7,38,15
1408724,2025-03-06 06:00:00,4000022,MODENA,PARCO FERRARI,4,39,20
1408725,2025-03-06 07:00:00,4000022,MODENA,PARCO FERRARI,4,39,27
1408726,2025-03-06 08:00:00,4000022,MODENA,PARCO FERRARI,6,38,41
1408727,2025-03-06 09:00:00,4000022,MODENA,PARCO FERRARI,12,50,44
1408728,2025-03-06 10:00:00,4000022,MODENA,PARCO FERRARI,28,44,25
1408729,2025-03-06 11:00:00,4000022,MODENA,PARCO FERRARI,49,26,8
1408730,2025-03-06 12:00:00,4000022,MODENA,PARCO FERRARI,60,23,5
1408731,2025-03-06 13:00:00,4000022,MODENA,PARCO FERRARI,75,16,2
1408732,2025-03-06 14:00:00,4000022,MODENA,PARCO FERRARI,79,14,1
1408733,2025-03-06 15:00:00,4000022,MODENA,PARCO FERRARI,93,9,0
1408734,2025-03-06 16:00:00,4000022,MODENA,PARCO FERRARI,97,8,0
1408735,2025-03-06 17:00:00,4000022,MODENA,PARCO FERRARI,98,9,0
1408736,2025-03-06 18:00:00,4000022,MODENA,PARCO FERRARI,88,13,0
1408737,2025-03-06 19:00:00,4000022,MODENA,PARCO FERRARI,59,26,1
1408738,2025-03-06 20:00:00,4000022,MODENA,PARCO FERRARI,52,33,3
1408739,2025-03-06 21:00:00,4000022,MODENA,PARCO FERRARI,38,40,4
1408740,2025-03-06 22:00:00,4000022,MODENA,PARCO FERRARI,20,50,12
1408741,2025-03-06 23:00:00,4000022,MODENA,PARCO FERRARI,4,58,26
1408742,2025-03-07 00:00:00,4000022,MODENA,PARCO FERRARI,7,56,27
1408743,2025-03-07 01:00:00,4000022,MODENA,PARCO FERRARI,7,49,19
1408744,2025-03-07 02:00:00,4000022,MODENA,PARCO FERRARI,9,44,17
1408745,2025-03-07 03:00:00,4000022,MODENA,PARCO FERRARI,10,40,15
1408746,2025-03-07 04:00:00,4000022,MODENA,PARCO FERRARI,7,37,16
1408747,2025-03-07 05:00:00,4000022,MODENA,PARCO FERRARI,6,35,17
1408748,2025-03-07 06:00:00,4000022,MODENA,PARCO FERRARI,4,34,19
1408749,2025-03-07 07:00:00,4000022,MODENA,PARCO FERRARI,7,33,17
1408750,2025-03-07 08:00:00,4000022,MODENA,PARCO FERRARI,11,30,20
1408751,2025-03-07 09:00:00,4000022,MODENA,PARCO FERRARI,11,48,45
1408752,2025-03-07 10:00:00,4000022,MODENA,PARCO FERRARI,26,45,34
1408753,2025-03-07 11:00:00,4000022,MODENA,PARCO FERRARI,48,29,10
1408754,2025-03-07 12:00:00,4000022,MODENA,PARCO FERRARI,67,23,5
1408755,2025-03-07 13:00:00,4000022,MODENA,PARCO FERRARI,84,15,2
1408756,2025-03-07 14:00:00,4000022,MODENA,PARCO FERRARI,97,7,0
1408757,2025-03-07 15:00:00,4000022,MODENA,PARCO FERRARI,103,6,0
1408758,2025-03-07 16:00:00,4000022,MODENA,PARCO FERRARI,105,5,0
1408759,2025-03-07 17:00:00,4000022,MODENA,PARCO FERRARI,101,8,0
1408760,2025-03-07 19:00:00,4000022,MODENA,PARCO FERRARI,72,11,0
1408761,2025-03-07 20:00:00,4000022,MODENA,PARCO FERRARI,35,50,11
1408762,2025-03-07 21:00:00,4000022,MODENA,PARCO FERRARI,13,69,29
1408763,2025-03-07 22:00:00,4000022,MODENA,PARCO FERRARI,4,73,55
1408764,2025-03-07 23:00:00,4000022,MODENA,PARCO FERRARI,5,69,61
1408765,2025-03-08 00:00:00,4000022,MODENA,PARCO FERRARI,7,56,28
1408766,2025-03-08 01:00:00,4000022,MODENA,PARCO FERRARI,10,54,20
1408767,2025-03-08 02:00:00,4000022,MODENA,PARCO FERRARI,8,45,19
1408768,2025-03-08 03:00:00,4000022,MODENA,PARCO FERRARI,17,37,17
1408769,2025-03-08 04:00:00,4000022,MODENA,PARCO FERRARI,21,33,15
1408770,2025-03-08 05:00:00,4000022,MODENA,PARCO FERRARI,15,29,16
1408771,2025-03-08 06:00:00,4000022,MODENA,PARCO FERRARI,11,37,16
1408772,2025-03-08 07:00:00,4000022,MODENA,PARCO FERRARI,8,43,18
1408773,2025-03-08 08:00:00,4000022,MODENA,PARCO FERRARI,9,37,25
1408774,2025-03-08 09:00:00,4000022,MODENA,PARCO FERRARI,21,39,24
1408775,2025-03-08 10:00:00,4000022,MODENA,PARCO FERRARI,43,34,14
1408776,2025-03-08 11:00:00,4000022,MODENA,PARCO FERRARI,62,22,5
1408777,2025-03-08 12:00:00,4000022,MODENA,PARCO FERRARI,74,15,2
1408778,2025-03-08 13:00:00,4000022,MODENA,PARCO FERRARI,92,11,1
1408779,2025-03-08 14:00:00,4000022,MODENA,PARCO FERRARI,98,10,0
1408780,2025-03-08 15:00:00,4000022,MODENA,PARCO FERRARI,106,9,0
1408781,2025-03-08 16:00:00,4000022,MODENA,PARCO FERRARI,105,9,0
1408782,2025-03-08 17:00:00,4000022,MODENA,PARCO FERRARI,105,8,0
1408783,2025-03-08 18:00:00,4000022,MODENA,PARCO FERRARI,100,9,0
1408784,2025-03-08 19:00:00,4000022,MODENA,PARCO FERRARI,72,22,1
1408785,2025-03-08 20:00:00,4000022,MODENA,PARCO FERRARI,40,49,11
1408786,2025-03-08 21:00:00,4000022,MODENA,PARCO FERRARI,18,61,20
1408787,2025-03-08 22:00:00,4000022,MODENA,PARCO FERRARI,5,76,46
1408788,2025-03-08 23:00:00,4000022,MODENA,PARCO FERRARI,5,66,43
1408789,2025-03-09 00:00:00,4000022,MODENA,PARCO FERRARI,8,59,30
1408790,2025-03-09 01:00:00,4000022,MODENA,PARCO FERRARI,9,52,25
1408791,2025-03-09 02:00:00,4000022,MODENA,PARCO FERRARI,19,42,18
1408792,2025-03-09 03:00:00,4000022,MODENA,PARCO FERRARI,14,39,20
1408793,2025-03-09 04:00:00,4000022,MODENA,PARCO FERRARI,18,35,18
1408794,2025-03-09 05:00:00,4000022,MODENA,PARCO FERRARI,24,26,17
1408795,2025-03-09 06:00:00,4000022,MODENA,PARCO FERRARI,22,26,18
1408796,2025-03-09 07:00:00,4000022,MODENA,PARCO FERRARI,22,25,18
1408797,2025-03-09 08:00:00,4000022,MODENA,PARCO FERRARI,20,28,20
1408798,2025-03-09 09:00:00,4000022,MODENA,PARCO FERRARI,35,25,15
1408799,2025-03-09 10:00:00,4000022,MODENA,PARCO FERRARI,47,22,9
1408800,2025-03-09 11:00:00,4000022,MODENA,PARCO FERRARI,55,21,6
1408801,2025-03-09 12:00:00,4000022,MODENA,PARCO FERRARI,66,17,4
1408802,2025-03-09 13:00:00,4000022,MODENA,PARCO FERRARI,76,15,2
1408803,2025-03-09 14:00:00,4000022,MODENA,PARCO FERRARI,81,12,1
1408804,2025-03-09 15:00:00,4000022,MODENA,PARCO FERRARI,87,10,0
1408805,2025-03-09 16:00:00,4000022,MODENA,PARCO FERRARI,88,10,0
1408806,2025-03-09 17:00:00,4000022,MODENA,PARCO FERRARI,84,10,0
1408807,2025-03-09 18:00:00,4000022,MODENA,PARCO FERRARI,67,19,0
1408808,2025-03-09 19:00:00,4000022,MODENA,PARCO FERRARI,67,20,0
1408809,2025-03-09 20:00:00,4000022,MODENA,PARCO FERRARI,69,17,0
1408810,2025-03-09 21:00:00,4000022,MODENA,PARCO FERRARI,58,18,0
1408811,2025-03-09 22:00:00,4000022,MODENA,PARCO FERRARI,51,16,1
1408812,2025-03-09 23:00:00,4000022,MODENA,PARCO FERRARI,62,8,0
1408813,2025-03-10 00:00:00,4000022,MODENA,PARCO FERRARI,64,9,0
1408814,2025-03-10 01:00:00,4000022,MODENA,PARCO FERRARI,66,6,0
1408815,2025-03-10 02:00:00,4000022,MODENA,PARCO FERRARI,64,6,0
1408816,2025-03-10 03:00:00,4000022,MODENA,PARCO FERRARI,69,4,0
1408817,2025-03-10 04:00:00,4000022,MODENA,PARCO FERRARI,70,4,0
1408818,2025-03-10 05:00:00,4000022,MODENA,PARCO FERRARI,46,10,1
1408819,2025-03-10 06:00:00,4000022,MODENA,PARCO FERRARI,30,15,6
1408820,2025-03-10 07:00:00,4000022,MODENA,PARCO FERRARI,14,20,11
1408821,2025-03-10 08:00:00,4000022,MODENA,PARCO FERRARI,7,37,33
1408822,2025-03-10 09:00:00,4000022,MODENA,PARCO FERRARI,27,25,16
1408823,2025-03-10 10:00:00,4000022,MODENA,PARCO FERRARI,47,14,6
1408824,2025-03-10 11:00:00,4000022,MODENA,PARCO FERRARI,52,13,4
1408825,2025-03-10 12:00:00,4000022,MODENA,PARCO FERRARI,59,11,3
1408826,2025-03-10 13:00:00,4000022,MODENA,PARCO FERRARI,65,11,2
1408827,2025-03-10 14:00:00,4000022,MODENA,PARCO FERRARI,70,10,1
1408828,2025-03-10 15:00:00,4000022,MODENA,PARCO FERRARI,70,10,1
1408829,2025-03-10 16:00:00,4000022,MODENA,PARCO FERRARI,73,10,1
1408830,2025-03-10 17:00:00,4000022,MODENA,PARCO FERRARI,67,13,1
1408831,2025-03-10 18:00:00,4000022,MODENA,PARCO FERRARI,57,18,2
1408832,2025-03-10 19:00:00,4000022,MODENA,PARCO FERRARI,42,28,4
1408833,2025-03-10 20:00:00,4000022,MODENA,PARCO FERRARI,37,29,4
1408834,2025-03-10 21:00:00,4000022,MODENA,PARCO FERRARI,31,31,5
1408835,2025-03-10 22:00:00,4000022,MODENA,PARCO FERRARI,25,30,8
1408836,2025-03-10 23:00:00,4000022,MODENA,PARCO FERRARI,11,32,13
1408837,2025-03-11 00:00:00,4000022,MODENA,PARCO FERRARI,11,33,13
1409578,2025-03-11 01:00:00,4000022,MODENA,PARCO FERRARI,24,31,11
1409579,2025-03-11 02:00:00,4000022,MODENA,PARCO FERRARI,35,16,10
1409580,2025-03-11 03:00:00,4000022,MODENA,PARCO FERRARI,44,16,8
1409581,2025-03-11 04:00:00,4000022,MODENA,PARCO FERRARI,47,15,8
1409582,2025-03-11 05:00:00,4000022,MODENA,PARCO FERRARI,39,14,9
1409583,2025-03-11 06:00:00,4000022,MODENA,PARCO FERRARI,28,12,10
1409584,2025-03-11 07:00:00,4000022,MODENA,PARCO FERRARI,27,15,10
1409585,2025-03-11 08:00:00,4000022,MODENA,PARCO FERRARI,16,26,20
1409586,2025-03-11 09:00:00,4000022,MODENA,PARCO FERRARI,50,25,10
1409587,2025-03-11 10:00:00,4000022,MODENA,PARCO FERRARI,60,20,6
1409588,2025-03-11 11:00:00,4000022,MODENA,PARCO FERRARI,68,18,4
1409589,2025-03-11 12:00:00,4000022,MODENA,PARCO FERRARI,77,11,2
1409590,2025-03-11 13:00:00,4000022,MODENA,PARCO FERRARI,79,8,1
1409591,2025-03-11 14:00:00,4000022,MODENA,PARCO FERRARI,85,7,1
1409592,2025-03-11 15:00:00,4000022,MODENA,PARCO FERRARI,83,6,0
1409593,2025-03-11 16:00:00,4000022,MODENA,PARCO FERRARI,79,8,0
1409594,2025-03-11 17:00:00,4000022,MODENA,PARCO FERRARI,75,10,1
1409595,2025-03-11 18:00:00,4000022,MODENA,PARCO FERRARI,66,16,2
1409596,2025-03-11 19:00:00,4000022,MODENA,PARCO FERRARI,52,20,3
1409597,2025-03-11 20:00:00,4000022,MODENA,PARCO FERRARI,47,17,4
1409598,2025-03-11 21:00:00,4000022,MODENA,PARCO FERRARI,31,21,5
1409599,2025-03-11 22:00:00,4000022,MODENA,PARCO FERRARI,39,19,5
1409600,2025-03-11 23:00:00,4000022,MODENA,PARCO FERRARI,49,14,4
1409601,2025-03-12 00:00:00,4000022,MODENA,PARCO FERRARI,53,11,2
1410968,2025-03-12 01:00:00,4000022,MODENA,PARCO FERRARI,40,12,4
1410969,2025-03-12 02:00:00,4000022,MODENA,PARCO FERRARI,41,13,3
1410970,2025-03-12 03:00:00,4000022,MODENA,PARCO FERRARI,28,16,6
1410971,2025-03-12 04:00:00,4000022,MODENA,PARCO FERRARI,22,18,8
1410972,2025-03-12 05:00:00,4000022,MODENA,PARCO FERRARI,31,15,6
1410973,2025-03-12 06:00:00,4000022,MODENA,PARCO FERRARI,35,15,3
1410974,2025-03-12 07:00:00,4000022,MODENA,PARCO FERRARI,37,18,4
1410975,2025-03-12 08:00:00,4000022,MODENA,PARCO FERRARI,28,23,7
1410976,2025-03-12 09:00:00,4000022,MODENA,PARCO FERRARI,21,39,18
1410977,2025-03-12 10:00:00,4000022,MODENA,PARCO FERRARI,42,31,13
1410978,2025-03-12 11:00:00,4000022,MODENA,PARCO FERRARI,57,19,4
1410979,2025-03-12 12:00:00,4000022,MODENA,PARCO FERRARI,65,12,1
1410980,2025-03-12 13:00:00,4000022,MODENA,PARCO FERRARI,57,15,1
1410981,2025-03-12 14:00:00,4000022,MODENA,PARCO FERRARI,32,22,4
1410982,2025-03-12 15:00:00,4000022,MODENA,PARCO FERRARI,25,24,6
1410983,2025-03-12 16:00:00,4000022,MODENA,PARCO FERRARI,26,23,6
1410984,2025-03-12 17:00:00,4000022,MODENA,PARCO FERRARI,29,24,6
1410985,2025-03-12 18:00:00,4000022,MODENA,PARCO FERRARI,30,28,7
1410986,2025-03-12 19:00:00,4000022,MODENA,PARCO FERRARI,18,34,7
1410987,2025-03-12 20:00:00,4000022,MODENA,PARCO FERRARI,31,28,3
1410988,2025-03-12 21:00:00,4000022,MODENA,PARCO FERRARI,32,25,2
1410989,2025-03-12 22:00:00,4000022,MODENA,PARCO FERRARI,37,17,1
1410990,2025-03-12 23:00:00,4000022,MODENA,PARCO FERRARI,37,15,1
1410991,2025-03-13 00:00:00,4000022,MODENA,PARCO FERRARI,50,10,2
1422205,2025-03-13 01:00:00,4000022,MODENA,PARCO FERRARI,53,10,2
1422206,2025-03-13 02:00:00,4000022,MODENA,PARCO FERRARI,49,11,1
1422207,2025-03-13 03:00:00,4000022,MODENA,PARCO FERRARI,42,13,1
1422208,2025-03-13 04:00:00,4000022,MODENA,PARCO FERRARI,37,12,2
1422209,2025-03-13 05:00:00,4000022,MODENA,PARCO FERRARI,37,10,2
1422210,2025-03-13 06:00:00,4000022,MODENA,PARCO FERRARI,29,10,2
1422211,2025-03-13 07:00:00,4000022,MODENA,PARCO FERRARI,25,18,4
1422211,2025-03-13 08:00:00,4000022,MODENA,PARCO FERRARI,0,37,10
1422211,2025-03-13 09:00:00,4000022,MODENA,PARCO FERRARI,0,33,10
1422212,2025-03-13 10:00:00,4000022,MODENA,PARCO FERRARI,56,17,4
1422213,2025-03-13 11:00:00,4000022,MODENA,PARCO FERRARI,61,13,2
1422214,2025-03-13 12:00:00,4000022,MODENA,PARCO FERRARI,62,12,1
1422215,2025-03-13 13:00:00,4000022,MODENA,PARCO FERRARI,66,11,1
1422216,2025-03-13 14:00:00,4000022,MODENA,PARCO FERRARI,69,9,1
1422217,2025-03-13 15:00:00,4000022,MODENA,PARCO FERRARI,75,7,0
1422218,2025-03-13 16:00:00,4000022,MODENA,PARCO FERRARI,74,7,0
1422219,2025-03-13 17:00:00,4000022,MODENA,PARCO FERRARI,65,13,0
1422220,2025-03-13 18:00:00,4000022,MODENA,PARCO FERRARI,70,11,0
1422221,2025-03-13 19:00:00,4000022,MODENA,PARCO FERRARI,62,16,0
1422222,2025-03-13 20:00:00,4000022,MODENA,PARCO FERRARI,70,11,0
1422223,2025-03-13 21:00:00,4000022,MODENA,PARCO FERRARI,63,13,0
1422224,2025-03-13 22:00:00,4000022,MODENA,PARCO FERRARI,62,14,0
1422225,2025-03-13 23:00:00,4000022,MODENA,PARCO FERRARI,61,13,1
1422226,2025-03-14 00:00:00,4000022,MODENA,PARCO FERRARI,61,12,0
1422227,2025-03-14 01:00:00,4000022,MODENA,PARCO FERRARI,64,7,0
1422228,2025-03-14 02:00:00,4000022,MODENA,PARCO FERRARI,60,7,0
1422229,2025-03-14 03:00:00,4000022,MODENA,PARCO FERRARI,44,11,0
1422230,2025-03-14 04:00:00,4000022,MODENA,PARCO FERRARI,37,11,1
1422231,2025-03-14 05:00:00,4000022,MODENA,PARCO FERRARI,33,12,3
1422232,2025-03-14 06:00:00,4000022,MODENA,PARCO FERRARI,50,9,1
1422233,2025-03-14 07:00:00,4000022,MODENA,PARCO FERRARI,56,10,1
1422234,2025-03-14 08:00:00,4000022,MODENA,PARCO FERRARI,45,15,1
1422235,2025-03-14 09:00:00,4000022,MODENA,PARCO FERRARI,28,27,3
1422236,2025-03-14 10:00:00,4000022,MODENA,PARCO FERRARI,29,20,3
1422237,2025-03-14 11:00:00,4000022,MODENA,PARCO FERRARI,44,14,2
1422238,2025-03-14 12:00:00,4000022,MODENA,PARCO FERRARI,56,11,1
1422239,2025-03-14 13:00:00,4000022,MODENA,PARCO FERRARI,61,9,1
1422240,2025-03-14 14:00:00,4000022,MODENA,PARCO FERRARI,68,7,1
1422241,2025-03-14 15:00:00,4000022,MODENA,PARCO FERRARI,67,9,0
1422242,2025-03-14 16:00:00,4000022,MODENA,PARCO FERRARI,63,10,0
1422243,2025-03-14 17:00:00,4000022,MODENA,PARCO FERRARI,61,11,0
1422244,2025-03-14 18:00:00,4000022,MODENA,PARCO FERRARI,56,14,0
1422245,2025-03-14 19:00:00,4000022,MODENA,PARCO FERRARI,51,18,1
1422246,2025-03-14 20:00:00,4000022,MODENA,PARCO FERRARI,52,16,0
1422247,2025-03-14 21:00:00,4000022,MODENA,PARCO FERRARI,57,12,0
1422248,2025-03-14 22:00:00,4000022,MODENA,PARCO FERRARI,38,16,1
1422249,2025-03-14 23:00:00,4000022,MODENA,PARCO FERRARI,47,11,1
1422250,2025-03-15 00:00:00,4000022,MODENA,PARCO FERRARI,48,10,1
1424873,2025-03-15 01:00:00,4000022,MODENA,PARCO FERRARI,37,11,1
1424874,2025-03-15 02:00:00,4000022,MODENA,PARCO FERRARI,29,14,2
1424875,2025-03-15 03:00:00,4000022,MODENA,PARCO FERRARI,28,13,3
1424876,2025-03-15 04:00:00,4000022,MODENA,PARCO FERRARI,35,9,3
1424877,2025-03-15 05:00:00,4000022,MODENA,PARCO FERRARI,40,9,2
1424878,2025-03-15 06:00:00,4000022,MODENA,PARCO FERRARI,37,10,2
1424879,2025-03-15 07:00:00,4000022,MODENA,PARCO FERRARI,34,11,2
1424880,2025-03-15 08:00:00,4000022,MODENA,PARCO FERRARI,34,12,2
1424881,2025-03-15 09:00:00,4000022,MODENA,PARCO FERRARI,42,11,1
1424882,2025-03-15 10:00:00,4000022,MODENA,PARCO FERRARI,45,10,1
1424883,2025-03-15 11:00:00,4000022,MODENA,PARCO FERRARI,45,10,1
1424884,2025-03-15 12:00:00,4000022,MODENA,PARCO FERRARI,53,9,1
1424885,2025-03-15 13:00:00,4000022,MODENA,PARCO FERRARI,59,9,1
1424886,2025-03-15 14:00:00,4000022,MODENA,PARCO FERRARI,59,8,1
1424887,2025-03-15 15:00:00,4000022,MODENA,PARCO FERRARI,67,6,0
1424888,2025-03-15 16:00:00,4000022,MODENA,PARCO FERRARI,68,6,0
1424889,2025-03-15 17:00:00,4000022,MODENA,PARCO FERRARI,63,7,0
1424890,2025-03-15 18:00:00,4000022,MODENA,PARCO FERRARI,57,8,0
1424891,2025-03-15 19:00:00,4000022,MODENA,PARCO FERRARI,50,12,1
1424892,2025-03-15 20:00:00,4000022,MODENA,PARCO FERRARI,43,13,1
1424893,2025-03-15 21:00:00,4000022,MODENA,PARCO FERRARI,42,12,1
1424894,2025-03-15 22:00:00,4000022,MODENA,PARCO FERRARI,31,15,1
1424895,2025-03-15 23:00:00,4000022,MODENA,PARCO FERRARI,32,14,1
1424896,2025-03-16 00:00:00,4000022,MODENA,PARCO FERRARI,28,14,2
1424897,2025-03-16 01:00:00,4000022,MODENA,PARCO FERRARI,27,15,2
1424898,2025-03-16 02:00:00,4000022,MODENA,PARCO FERRARI,31,12,2
1424899,2025-03-16 03:00:00,4000022,MODENA,PARCO FERRARI,25,12,1
1424900,2025-03-16 04:00:00,4000022,MODENA,PARCO FERRARI,19,13,2
1424901,2025-03-16 05:00:00,4000022,MODENA,PARCO FERRARI,16,19,3
1424902,2025-03-16 06:00:00,4000022,MODENA,PARCO FERRARI,15,16,3
1424903,2025-03-16 07:00:00,4000022,MODENA,PARCO FERRARI,11,19,3
1424904,2025-03-16 08:00:00,4000022,MODENA,PARCO FERRARI,10,18,8
1424905,2025-03-16 09:00:00,4000022,MODENA,PARCO FERRARI,38,17,6
1424906,2025-03-16 10:00:00,4000022,MODENA,PARCO FERRARI,61,8,1
1424907,2025-03-16 11:00:00,4000022,MODENA,PARCO FERRARI,72,5,0
1424908,2025-03-16 12:00:00,4000022,MODENA,PARCO FERRARI,75,5,0
1424909,2025-03-16 13:00:00,4000022,MODENA,PARCO FERRARI,79,4,0
1424910,2025-03-16 14:00:00,4000022,MODENA,PARCO FERRARI,75,4,0
1424911,2025-03-16 15:00:00,4000022,MODENA,PARCO FERRARI,77,4,0
1424912,2025-03-16 16:00:00,4000022,MODENA,PARCO FERRARI,77,5,0
1424913,2025-03-16 17:00:00,4000022,MODENA,PARCO FERRARI,80,5,0
1424914,2025-03-16 18:00:00,4000022,MODENA,PARCO FERRARI,78,6,0
1424915,2025-03-16 19:00:00,4000022,MODENA,PARCO FERRARI,69,12,0
1424916,2025-03-16 20:00:00,4000022,MODENA,PARCO FERRARI,59,18,1
1424917,2025-03-16 21:00:00,4000022,MODENA,PARCO FERRARI,49,25,1
1424918,2025-03-16 22:00:00,4000022,MODENA,PARCO FERRARI,55,19,1
1424919,2025-03-16 23:00:00,4000022,MODENA,PARCO FERRARI,41,22,1
1424920,2025-03-17 00:00:00,4000022,MODENA,PARCO FERRARI,36,24,1
1425683,2025-03-17 01:00:00,4000022,MODENA,PARCO FERRARI,24,27,3
1425684,2025-03-17 02:00:00,4000022,MODENA,PARCO FERRARI,33,21,3
1425687,2025-03-17 03:00:00,4000022,MODENA,PARCO FERRARI,37,12,2
1425688,2025-03-17 04:00:00,4000022,MODENA,PARCO FERRARI,26,15,3
1425689,2025-03-17 05:00:00,4000022,MODENA,PARCO FERRARI,16,20,4
1425690,2025-03-17 06:00:00,4000022,MODENA,PARCO FERRARI,12,24,4
1425693,2025-03-17 07:00:00,4000022,MODENA,PARCO FERRARI,7,28,11
1425695,2025-03-17 08:00:00,4000022,MODENA,PARCO FERRARI,10,35,24
1425696,2025-03-17 09:00:00,4000022,MODENA,PARCO FERRARI,19,44,26
1425697,2025-03-17 10:00:00,4000022,MODENA,PARCO FERRARI,33,37,16
1425698,2025-03-17 11:00:00,4000022,MODENA,PARCO FERRARI,57,21,5
1425700,2025-03-17 12:00:00,4000022,MODENA,PARCO FERRARI,69,9,1
1425701,2025-03-17 13:00:00,4000022,MODENA,PARCO FERRARI,74,7,1
1425705,2025-03-17 14:00:00,4000022,MODENA,PARCO FERRARI,80,6,0
1425707,2025-03-17 15:00:00,4000022,MODENA,PARCO FERRARI,87,4,0
1425711,2025-03-17 16:00:00,4000022,MODENA,PARCO FERRARI,87,5,0
1425714,2025-03-17 17:00:00,4000022,MODENA,PARCO FERRARI,81,7,0
1425716,2025-03-17 18:00:00,4000022,MODENA,PARCO FERRARI,74,10,0
1425717,2025-03-17 19:00:00,4000022,MODENA,PARCO FERRARI,66,13,0
1425718,2025-03-17 20:00:00,4000022,MODENA,PARCO FERRARI,42,19,0
1425719,2025-03-17 21:00:00,4000022,MODENA,PARCO FERRARI,69,11,0
1425723,2025-03-17 22:00:00,4000022,MODENA,PARCO FERRARI,69,7,0
1425724,2025-03-17 23:00:00,4000022,MODENA,PARCO FERRARI,75,5,0
1425725,2025-03-18 00:00:00,4000022,MODENA,PARCO FERRARI,82,3,0
1425726,2025-03-18 01:00:00,4000022,MODENA,PARCO FERRARI,81,3,0
1425727,2025-03-18 02:00:00,4000022,MODENA,PARCO FERRARI,79,4,0
1425728,2025-03-18 03:00:00,4000022,MODENA,PARCO FERRARI,73,3,0
1425729,2025-03-18 04:00:00,4000022,MODENA,PARCO FERRARI,67,4,0
1425730,2025-03-18 05:00:00,4000022,MODENA,PARCO FERRARI,67,4,0
1425731,2025-03-18 06:00:00,4000022,MODENA,PARCO FERRARI,68,5,0
1425732,2025-03-18 07:00:00,4000022,MODENA,PARCO FERRARI,67,7,0
1425733,2025-03-18 08:00:00,4000022,MODENA,PARCO FERRARI,64,10,0
1425734,2025-03-18 09:00:00,4000022,MODENA,PARCO FERRARI,70,8,1
1425735,2025-03-18 10:00:00,4000022,MODENA,PARCO FERRARI,77,5,0
1425736,2025-03-18 11:00:00,4000022,MODENA,PARCO FERRARI,80,4,0
1425737,2025-03-18 12:00:00,4000022,MODENA,PARCO FERRARI,82,4,0
1425738,2025-03-18 13:00:00,4000022,MODENA,PARCO FERRARI,84,3,0
1425739,2025-03-18 14:00:00,4000022,MODENA,PARCO FERRARI,84,4,0
1425740,2025-03-18 15:00:00,4000022,MODENA,PARCO FERRARI,85,4,0
1425741,2025-03-18 16:00:00,4000022,MODENA,PARCO FERRARI,85,3,0
1425744,2025-03-18 17:00:00,4000022,MODENA,PARCO FERRARI,86,4,0
1425745,2025-03-18 18:00:00,4000022,MODENA,PARCO FERRARI,80,7,0
1425746,2025-03-18 19:00:00,4000022,MODENA,PARCO FERRARI,71,12,0
1425747,2025-03-18 20:00:00,4000022,MODENA,PARCO FERRARI,60,21,0
1425748,2025-03-18 21:00:00,4000022,MODENA,PARCO FERRARI,59,20,0
1425749,2025-03-18 22:00:00,4000022,MODENA,PARCO FERRARI,52,19,0
1425750,2025-03-18 23:00:00,4000022,MODENA,PARCO FERRARI,43,21,1
1425751,2025-03-19 00:00:00,4000022,MODENA,PARCO FERRARI,28,28,3
1440429,2025-03-19 01:00:00,4000022,MODENA,PARCO FERRARI,10,47,5
1440430,2025-03-19 02:00:00,4000022,MODENA,PARCO FERRARI,19,40,5
1440431,2025-03-19 03:00:00,4000022,MODENA,PARCO FERRARI,21,32,5
1440432,2025-03-19 04:00:00,4000022,MODENA,PARCO FERRARI,19,30,6
1440433,2025-03-19 05:00:00,4000022,MODENA,PARCO FERRARI,13,35,7
1440434,2025-03-19 06:00:00,4000022,MODENA,PARCO FERRARI,18,28,7
1440435,2025-03-19 07:00:00,4000022,MODENA,PARCO FERRARI,18,30,6
1440436,2025-03-19 08:00:00,4000022,MODENA,PARCO FERRARI,18,32,12
1440437,2025-03-19 09:00:00,4000022,MODENA,PARCO FERRARI,27,38,16
1440438,2025-03-19 10:00:00,4000022,MODENA,PARCO FERRARI,47,29,8
1440439,2025-03-19 11:00:00,4000022,MODENA,PARCO FERRARI,62,23,4
1440440,2025-03-19 12:00:00,4000022,MODENA,PARCO FERRARI,81,10,1
1440441,2025-03-19 13:00:00,4000022,MODENA,PARCO FERRARI,85,7,0
1440442,2025-03-19 14:00:00,4000022,MODENA,PARCO FERRARI,87,6,0
1440443,2025-03-19 15:00:00,4000022,MODENA,PARCO FERRARI,78,8,0
1440444,2025-03-19 16:00:00,4000022,MODENA,PARCO FERRARI,83,8,0
1440445,2025-03-19 17:00:00,4000022,MODENA,PARCO FERRARI,83,8,0
1440446,2025-03-19 18:00:00,4000022,MODENA,PARCO FERRARI,80,9,0
1440447,2025-03-19 19:00:00,4000022,MODENA,PARCO FERRARI,62,15,0
1440448,2025-03-19 20:00:00,4000022,MODENA,PARCO FERRARI,50,25,1
1440449,2025-03-19 21:00:00,4000022,MODENA,PARCO FERRARI,21,52,3
1440450,2025-03-19 22:00:00,4000022,MODENA,PARCO FERRARI,23,45,5
1440451,2025-03-19 23:00:00,4000022,MODENA,PARCO FERRARI,25,38,6
1440452,2025-03-20 00:00:00,4000022,MODENA,PARCO FERRARI,13,42,7
1444174,2025-03-20 01:00:00,4000022,MODENA,PARCO FERRARI,6,49,16
1444176,2025-03-20 02:00:00,4000022,MODENA,PARCO FERRARI,5,42,23
1444178,2025-03-20 03:00:00,4000022,MODENA,PARCO FERRARI,4,44,20
1444181,2025-03-20 04:00:00,4000022,MODENA,PARCO FERRARI,13,29,11
1444183,2025-03-20 05:00:00,4000022,MODENA,PARCO FERRARI,10,28,9
1444184,2025-03-20 06:00:00,4000022,MODENA,PARCO FERRARI,4,32,12
1444185,2025-03-20 07:00:00,4000022,MODENA,PARCO FERRARI,5,32,16
1444187,2025-03-20 08:00:00,4000022,MODENA,PARCO FERRARI,11,34,23
1444189,2025-03-20 09:00:00,4000022,MODENA,PARCO FERRARI,20,41,28
1444190,2025-03-20 10:00:00,4000022,MODENA,PARCO FERRARI,49,25,8
1444195,2025-03-20 11:00:00,4000022,MODENA,PARCO FERRARI,60,22,4
1444196,2025-03-20 12:00:00,4000022,MODENA,PARCO FERRARI,68,19,3
1444197,2025-03-20 13:00:00,4000022,MODENA,PARCO FERRARI,75,17,2
1444199,2025-03-20 14:00:00,4000022,MODENA,PARCO FERRARI,84,12,1
1444200,2025-03-20 15:00:00,4000022,MODENA,PARCO FERRARI,91,8,0
1444202,2025-03-20 16:00:00,4000022,MODENA,PARCO FERRARI,92,6,0
1444204,2025-03-20 17:00:00,4000022,MODENA,PARCO FERRARI,93,8,0
1444205,2025-03-20 18:00:00,4000022,MODENA,PARCO FERRARI,87,11,0
1444207,2025-03-20 19:00:00,4000022,MODENA,PARCO FERRARI,71,19,0
1444209,2025-03-20 20:00:00,4000022,MODENA,PARCO FERRARI,62,25,0
1444210,2025-03-20 21:00:00,4000022,MODENA,PARCO FERRARI,43,28,1
1444211,2025-03-20 22:00:00,4000022,MODENA,PARCO FERRARI,28,36,3
1444212,2025-03-20 23:00:00,4000022,MODENA,PARCO FERRARI,23,34,6
1444213,2025-03-21 00:00:00,4000022,MODENA,PARCO FERRARI,16,39,9
1444214,2025-03-21 01:00:00,4000022,MODENA,PARCO FERRARI,4,49,17
1444215,2025-03-21 02:00:00,4000022,MODENA,PARCO FERRARI,4,41,19
1444216,2025-03-21 03:00:00,4000022,MODENA,PARCO FERRARI,8,37,12
1444217,2025-03-21 04:00:00,4000022,MODENA,PARCO FERRARI,10,38,9
1444218,2025-03-21 05:00:00,4000022,MODENA,PARCO FERRARI,4,36,17
1444219,2025-03-21 06:00:00,4000022,MODENA,PARCO FERRARI,4,35,19
1444220,2025-03-21 07:00:00,4000022,MODENA,PARCO FERRARI,4,36,21
1444221,2025-03-21 08:00:00,4000022,MODENA,PARCO FERRARI,8,36,16
1444222,2025-03-21 09:00:00,4000022,MODENA,PARCO FERRARI,10,42,31
1444223,2025-03-21 10:00:00,4000022,MODENA,PARCO FERRARI,12,44,29
1444224,2025-03-21 11:00:00,4000022,MODENA,PARCO FERRARI,15,37,24
1444225,2025-03-21 12:00:00,4000022,MODENA,PARCO FERRARI,31,32,11
1444226,2025-03-21 13:00:00,4000022,MODENA,PARCO FERRARI,51,21,4
1444227,2025-03-21 14:00:00,4000022,MODENA,PARCO FERRARI,64,16,1
1444228,2025-03-21 15:00:00,4000022,MODENA,PARCO FERRARI,67,15,1
1444229,2025-03-21 16:00:00,4000022,MODENA,PARCO FERRARI,65,16,0
1444230,2025-03-21 17:00:00,4000022,MODENA,PARCO FERRARI,69,15,0
1444231,2025-03-21 18:00:00,4000022,MODENA,PARCO FERRARI,70,13,0
1444232,2025-03-21 19:00:00,4000022,MODENA,PARCO FERRARI,59,16,0
1444233,2025-03-21 20:00:00,4000022,MODENA,PARCO FERRARI,41,23,1
1444234,2025-03-21 21:00:00,4000022,MODENA,PARCO FERRARI,23,34,4
1444235,2025-03-21 22:00:00,4000022,MODENA,PARCO FERRARI,47,21,1
1444236,2025-03-21 23:00:00,4000022,MODENA,PARCO FERRARI,60,12,0
1444237,2025-03-22 00:00:00,4000022,MODENA,PARCO FERRARI,60,10,0
1452864,2025-03-22 01:00:00,4000022,MODENA,PARCO FERRARI,54,12,0
1452865,2025-03-22 02:00:00,4000022,MODENA,PARCO FERRARI,53,11,0
1452866,2025-03-22 03:00:00,4000022,MODENA,PARCO FERRARI,55,9,0
1452867,2025-03-22 04:00:00,4000022,MODENA,PARCO FERRARI,52,9,0
1452868,2025-03-22 05:00:00,4000022,MODENA,PARCO FERRARI,56,9,0
1452869,2025-03-22 06:00:00,4000022,MODENA,PARCO FERRARI,64,6,0
1452870,2025-03-22 07:00:00,4000022,MODENA,PARCO FERRARI,63,7,0
1452871,2025-03-22 08:00:00,4000022,MODENA,PARCO FERRARI,48,10,0
1452872,2025-03-22 09:00:00,4000022,MODENA,PARCO FERRARI,47,11,1
1452873,2025-03-22 10:00:00,4000022,MODENA,PARCO FERRARI,47,12,1
1452874,2025-03-22 11:00:00,4000022,MODENA,PARCO FERRARI,47,14,2
1452875,2025-03-22 12:00:00,4000022,MODENA,PARCO FERRARI,59,12,1
1452876,2025-03-22 13:00:00,4000022,MODENA,PARCO FERRARI,60,12,1
1452877,2025-03-22 14:00:00,4000022,MODENA,PARCO FERRARI,55,12,1
1452878,2025-03-22 15:00:00,4000022,MODENA,PARCO FERRARI,60,10,1
1452879,2025-03-22 16:00:00,4000022,MODENA,PARCO FERRARI,65,9,1
1452880,2025-03-22 17:00:00,4000022,MODENA,PARCO FERRARI,54,12,1
1452881,2025-03-22 18:00:00,4000022,MODENA,PARCO FERRARI,50,14,1
1452882,2025-03-22 19:00:00,4000022,MODENA,PARCO FERRARI,46,15,2
1452883,2025-03-22 20:00:00,4000022,MODENA,PARCO FERRARI,55,13,1
1452884,2025-03-22 21:00:00,4000022,MODENA,PARCO FERRARI,62,10,0
1452885,2025-03-22 22:00:00,4000022,MODENA,PARCO FERRARI,58,12,0
1452886,2025-03-22 23:00:00,4000022,MODENA,PARCO FERRARI,60,10,0
1452887,2025-03-23 00:00:00,4000022,MODENA,PARCO FERRARI,65,7,0
1485633,2025-03-23 01:00:00,4000022,MODENA,PARCO FERRARI,62,7,0
1485634,2025-03-23 02:00:00,4000022,MODENA,PARCO FERRARI,57,6,0
1485635,2025-03-23 03:00:00,4000022,MODENA,PARCO FERRARI,54,6,0
1485636,2025-03-23 04:00:00,4000022,MODENA,PARCO FERRARI,46,7,1
1485637,2025-03-23 05:00:00,4000022,MODENA,PARCO FERRARI,45,7,2
1485638,2025-03-23 06:00:00,4000022,MODENA,PARCO FERRARI,45,7,2
1485639,2025-03-23 07:00:00,4000022,MODENA,PARCO FERRARI,40,7,2
1485640,2025-03-23 08:00:00,4000022,MODENA,PARCO FERRARI,45,7,2
1485641,2025-03-23 09:00:00,4000022,MODENA,PARCO FERRARI,50,9,2
1485642,2025-03-23 10:00:00,4000022,MODENA,PARCO FERRARI,53,10,2
1485643,2025-03-23 11:00:00,4000022,MODENA,PARCO FERRARI,58,10,2
1485644,2025-03-23 12:00:00,4000022,MODENA,PARCO FERRARI,67,6,1
1485645,2025-03-23 13:00:00,4000022,MODENA,PARCO FERRARI,66,5,0
1485646,2025-03-23 14:00:00,4000022,MODENA,PARCO FERRARI,61,6,0
1485647,2025-03-23 15:00:00,4000022,MODENA,PARCO FERRARI,65,6,1
1485648,2025-03-23 16:00:00,4000022,MODENA,PARCO FERRARI,70,6,0
1485649,2025-03-23 17:00:00,4000022,MODENA,PARCO FERRARI,69,7,0
1485650,2025-03-23 18:00:00,4000022,MODENA,PARCO FERRARI,68,8,0
1485651,2025-03-23 19:00:00,4000022,MODENA,PARCO FERRARI,57,10,1
1485652,2025-03-23 20:00:00,4000022,MODENA,PARCO FERRARI,50,13,1
1485653,2025-03-23 21:00:00,4000022,MODENA,PARCO FERRARI,31,26,2
1485654,2025-03-23 22:00:00,4000022,MODENA,PARCO FERRARI,25,30,3
1485655,2025-03-23 23:00:00,4000022,MODENA,PARCO FERRARI,18,29,4
1485656,2025-03-24 00:00:00,4000022,MODENA,PARCO FERRARI,13,29,5
1485657,2025-03-24 01:00:00,4000022,MODENA,PARCO FERRARI,15,20,5
1485658,2025-03-24 02:00:00,4000022,MODENA,PARCO FERRARI,16,15,6
1485659,2025-03-24 03:00:00,4000022,MODENA,PARCO FERRARI,13,16,5
1485660,2025-03-24 04:00:00,4000022,MODENA,PARCO FERRARI,19,13,6
1485661,2025-03-24 05:00:00,4000022,MODENA,PARCO FERRARI,15,14,6
1485662,2025-03-24 06:00:00,4000022,MODENA,PARCO FERRARI,14,10,6
1485663,2025-03-24 07:00:00,4000022,MODENA,PARCO FERRARI,9,19,10
1485664,2025-03-24 08:00:00,4000022,MODENA,PARCO FERRARI,11,28,17
1485665,2025-03-24 09:00:00,4000022,MODENA,PARCO FERRARI,20,32,21
1485666,2025-03-24 10:00:00,4000022,MODENA,PARCO FERRARI,47,17,6
1485668,2025-03-24 11:00:00,4000022,MODENA,PARCO FERRARI,59,11,2
1485671,2025-03-24 12:00:00,4000022,MODENA,PARCO FERRARI,66,10,1
1485672,2025-03-24 13:00:00,4000022,MODENA,PARCO FERRARI,71,9,1
1506093,2025-03-24 14:00:00,4000022,MODENA,PARCO FERRARI,78,6,0
1506094,2025-03-24 15:00:00,4000022,MODENA,PARCO FERRARI,82,5,0
1506095,2025-03-24 16:00:00,4000022,MODENA,PARCO FERRARI,82,6,0
1506096,2025-03-24 17:00:00,4000022,MODENA,PARCO FERRARI,79,8,0
1506097,2025-03-24 18:00:00,4000022,MODENA,PARCO FERRARI,59,12,0
1506098,2025-03-24 19:00:00,4000022,MODENA,PARCO FERRARI,28,37,7
1506099,2025-03-24 20:00:00,4000022,MODENA,PARCO FERRARI,9,53,13
1506100,2025-03-24 21:00:00,4000022,MODENA,PARCO FERRARI,9,54,7
1506101,2025-03-24 22:00:00,4000022,MODENA,PARCO FERRARI,11,38,5
1506102,2025-03-24 23:00:00,4000022,MODENA,PARCO FERRARI,7,39,7
1506103,2025-03-25 00:00:00,4000022,MODENA,PARCO FERRARI,11,31,7
1485673,2025-03-25 01:00:00,4000022,MODENA,PARCO FERRARI,26,23,5
1485674,2025-03-25 02:00:00,4000022,MODENA,PARCO FERRARI,51,12,3
1485675,2025-03-25 03:00:00,4000022,MODENA,PARCO FERRARI,50,12,2
1485676,2025-03-25 04:00:00,4000022,MODENA,PARCO FERRARI,47,12,2
1485677,2025-03-25 05:00:00,4000022,MODENA,PARCO FERRARI,56,12,1
1485679,2025-03-25 06:00:00,4000022,MODENA,PARCO FERRARI,66,10,0
1485680,2025-03-25 07:00:00,4000022,MODENA,PARCO FERRARI,56,13,0
1485685,2025-03-25 08:00:00,4000022,MODENA,PARCO FERRARI,48,19,1
1485687,2025-03-25 09:00:00,4000022,MODENA,PARCO FERRARI,41,29,2
1485688,2025-03-25 10:00:00,4000022,MODENA,PARCO FERRARI,50,20,2
1485689,2025-03-25 11:00:00,4000022,MODENA,PARCO FERRARI,52,21,2
1485691,2025-03-25 12:00:00,4000022,MODENA,PARCO FERRARI,67,13,1
1485692,2025-03-25 13:00:00,4000022,MODENA,PARCO FERRARI,76,11,1
1485694,2025-03-25 14:00:00,4000022,MODENA,PARCO FERRARI,81,8,0
1485695,2025-03-25 15:00:00,4000022,MODENA,PARCO FERRARI,79,7,0
1485699,2025-03-25 16:00:00,4000022,MODENA,PARCO FERRARI,81,7,0
1485700,2025-03-25 17:00:00,4000022,MODENA,PARCO FERRARI,83,7,0
1485701,2025-03-25 18:00:00,4000022,MODENA,PARCO FERRARI,81,8,0
1485702,2025-03-25 19:00:00,4000022,MODENA,PARCO FERRARI,57,19,0
1485703,2025-03-25 20:00:00,4000022,MODENA,PARCO FERRARI,38,32,1
1485705,2025-03-25 21:00:00,4000022,MODENA,PARCO FERRARI,30,35,2
1485706,2025-03-25 22:00:00,4000022,MODENA,PARCO FERRARI,10,41,6
1485707,2025-03-25 23:00:00,4000022,MODENA,PARCO FERRARI,5,48,17
1485708,2025-03-26 00:00:00,4000022,MODENA,PARCO FERRARI,14,34,8
1485709,2025-03-26 01:00:00,4000022,MODENA,PARCO FERRARI,8,33,8
1485710,2025-03-26 02:00:00,4000022,MODENA,PARCO FERRARI,3,36,18
1485711,2025-03-26 03:00:00,4000022,MODENA,PARCO FERRARI,3,31,19
1485712,2025-03-26 04:00:00,4000022,MODENA,PARCO FERRARI,3,27,12
1485713,2025-03-26 05:00:00,4000022,MODENA,PARCO FERRARI,3,26,12
1485714,2025-03-26 06:00:00,4000022,MODENA,PARCO FERRARI,4,24,10
1485715,2025-03-26 07:00:00,4000022,MODENA,PARCO FERRARI,4,22,15
1485717,2025-03-26 08:00:00,4000022,MODENA,PARCO FERRARI,6,27,28
1485718,2025-03-26 09:00:00,4000022,MODENA,PARCO FERRARI,12,27,26
1485719,2025-03-26 10:00:00,4000022,MODENA,PARCO FERRARI,38,20,8
1485720,2025-03-26 11:00:00,4000022,MODENA,PARCO FERRARI,69,10,1
1485721,2025-03-26 12:00:00,4000022,MODENA,PARCO FERRARI,67,10,0
1485722,2025-03-26 13:00:00,4000022,MODENA,PARCO FERRARI,76,9,0
1485723,2025-03-26 14:00:00,4000022,MODENA,PARCO FERRARI,80,8,0
1485724,2025-03-26 15:00:00,4000022,MODENA,PARCO FERRARI,91,5,0
1485725,2025-03-26 16:00:00,4000022,MODENA,PARCO FERRARI,88,6,0
1485726,2025-03-26 17:00:00,4000022,MODENA,PARCO FERRARI,84,8,0
1485727,2025-03-26 18:00:00,4000022,MODENA,PARCO FERRARI,84,8,0
1485728,2025-03-26 19:00:00,4000022,MODENA,PARCO FERRARI,69,14,0
1485729,2025-03-26 20:00:00,4000022,MODENA,PARCO FERRARI,44,31,1
1485730,2025-03-26 21:00:00,4000022,MODENA,PARCO FERRARI,26,38,3
1485731,2025-03-26 22:00:00,4000022,MODENA,PARCO FERRARI,21,46,4
1485732,2025-03-26 23:00:00,4000022,MODENA,PARCO FERRARI,22,33,4
1485733,2025-03-27 00:00:00,4000022,MODENA,PARCO FERRARI,25,22,3
1485734,2025-03-27 01:00:00,4000022,MODENA,PARCO FERRARI,18,22,4
1485735,2025-03-27 02:00:00,4000022,MODENA,PARCO FERRARI,23,21,4
1485736,2025-03-27 03:00:00,4000022,MODENA,PARCO FERRARI,25,20,4
1485737,2025-03-27 04:00:00,4000022,MODENA,PARCO FERRARI,24,19,4
1485738,2025-03-27 05:00:00,4000022,MODENA,PARCO FERRARI,18,25,5
1485739,2025-03-27 06:00:00,4000022,MODENA,PARCO FERRARI,20,21,6
1485740,2025-03-27 07:00:00,4000022,MODENA,PARCO FERRARI,18,23,6
1485741,2025-03-27 08:00:00,4000022,MODENA,PARCO FERRARI,15,37,9
1485742,2025-03-27 09:00:00,4000022,MODENA,PARCO FERRARI,32,31,8
1485743,2025-03-27 10:00:00,4000022,MODENA,PARCO FERRARI,45,21,4
1485744,2025-03-27 11:00:00,4000022,MODENA,PARCO FERRARI,41,20,4
1485745,2025-03-27 12:00:00,4000022,MODENA,PARCO FERRARI,42,18,4
1485746,2025-03-27 13:00:00,4000022,MODENA,PARCO FERRARI,48,18,3
1485747,2025-03-27 14:00:00,4000022,MODENA,PARCO FERRARI,71,11,1
1485748,2025-03-27 15:00:00,4000022,MODENA,PARCO FERRARI,87,7,0
1485749,2025-03-27 16:00:00,4000022,MODENA,PARCO FERRARI,90,5,0
1485750,2025-03-27 17:00:00,4000022,MODENA,PARCO FERRARI,86,8,0
1485751,2025-03-27 18:00:00,4000022,MODENA,PARCO FERRARI,75,12,0
1485752,2025-03-27 19:00:00,4000022,MODENA,PARCO FERRARI,59,19,0
1485753,2025-03-27 20:00:00,4000022,MODENA,PARCO FERRARI,31,30,1
1485754,2025-03-27 21:00:00,4000022,MODENA,PARCO FERRARI,22,33,3
1485755,2025-03-27 22:00:00,4000022,MODENA,PARCO FERRARI,33,23,3
1485756,2025-03-27 23:00:00,4000022,MODENA,PARCO FERRARI,39,22,2
1485757,2025-03-28 00:00:00,4000022,MODENA,PARCO FERRARI,31,23,3
1485758,2025-03-28 01:00:00,4000022,MODENA,PARCO FERRARI,32,20,3
1485759,2025-03-28 02:00:00,4000022,MODENA,PARCO FERRARI,41,16,2
1485760,2025-03-28 03:00:00,4000022,MODENA,PARCO FERRARI,35,18,2
1485761,2025-03-28 04:00:00,4000022,MODENA,PARCO FERRARI,24,21,4
1485762,2025-03-28 05:00:00,4000022,MODENA,PARCO FERRARI,21,21,6
1485763,2025-03-28 06:00:00,4000022,MODENA,PARCO FERRARI,23,21,5
1485764,2025-03-28 07:00:00,4000022,MODENA,PARCO FERRARI,15,31,7
1485765,2025-03-28 08:00:00,4000022,MODENA,PARCO FERRARI,23,31,8
1485766,2025-03-28 09:00:00,4000022,MODENA,PARCO FERRARI,26,31,11
1485767,2025-03-28 10:00:00,4000022,MODENA,PARCO FERRARI,51,15,3
1485768,2025-03-28 12:00:00,4000022,MODENA,PARCO FERRARI,79,7,0
1485769,2025-03-28 13:00:00,4000022,MODENA,PARCO FERRARI,81,7,0
1485770,2025-03-28 14:00:00,4000022,MODENA,PARCO FERRARI,83,6,0
1485771,2025-03-28 15:00:00,4000022,MODENA,PARCO FERRARI,81,7,0
1485772,2025-03-28 16:00:00,4000022,MODENA,PARCO FERRARI,78,9,0
1485773,2025-03-28 17:00:00,4000022,MODENA,PARCO FERRARI,74,10,0
1485774,2025-03-28 18:00:00,4000022,MODENA,PARCO FERRARI,65,18,0
1485775,2025-03-28 19:00:00,4000022,MODENA,PARCO FERRARI,58,22,0
1485776,2025-03-28 20:00:00,4000022,MODENA,PARCO FERRARI,62,17,0
1485777,2025-03-28 21:00:00,4000022,MODENA,PARCO FERRARI,66,10,0
1485778,2025-03-28 22:00:00,4000022,MODENA,PARCO FERRARI,51,13,0
1485779,2025-03-28 23:00:00,4000022,MODENA,PARCO FERRARI,41,14,1
1485780,2025-03-29 00:00:00,4000022,MODENA,PARCO FERRARI,40,13,1
1485781,2025-03-29 01:00:00,4000022,MODENA,PARCO FERRARI,41,12,1
1485782,2025-03-29 02:00:00,4000022,MODENA,PARCO FERRARI,39,16,2
1485783,2025-03-29 03:00:00,4000022,MODENA,PARCO FERRARI,38,16,1
1485784,2025-03-29 04:00:00,4000022,MODENA,PARCO FERRARI,25,22,2
1485785,2025-03-29 05:00:00,4000022,MODENA,PARCO FERRARI,31,13,3
1485786,2025-03-29 06:00:00,4000022,MODENA,PARCO FERRARI,32,14,3
1485787,2025-03-29 07:00:00,4000022,MODENA,PARCO FERRARI,29,15,3
1485788,2025-03-29 08:00:00,4000022,MODENA,PARCO FERRARI,30,17,3
1485789,2025-03-29 09:00:00,4000022,MODENA,PARCO FERRARI,38,13,2
1485790,2025-03-29 10:00:00,4000022,MODENA,PARCO FERRARI,48,10,1
1485791,2025-03-29 11:00:00,4000022,MODENA,PARCO FERRARI,51,9,1
1485792,2025-03-29 12:00:00,4000022,MODENA,PARCO FERRARI,43,11,1
1485793,2025-03-29 13:00:00,4000022,MODENA,PARCO FERRARI,39,12,1
1485794,2025-03-29 14:00:00,4000022,MODENA,PARCO FERRARI,53,8,1
1485795,2025-03-29 15:00:00,4000022,MODENA,PARCO FERRARI,56,8,0
1485796,2025-03-29 16:00:00,4000022,MODENA,PARCO FERRARI,53,8,0
1485797,2025-03-29 17:00:00,4000022,MODENA,PARCO FERRARI,49,10,1
1485798,2025-03-29 18:00:00,4000022,MODENA,PARCO FERRARI,39,15,1
1485799,2025-03-29 19:00:00,4000022,MODENA,PARCO FERRARI,27,19,1
1485800,2025-03-29 20:00:00,4000022,MODENA,PARCO FERRARI,20,23,3
1485801,2025-03-29 21:00:00,4000022,MODENA,PARCO FERRARI,20,24,3
1485802,2025-03-29 22:00:00,4000022,MODENA,PARCO FERRARI,21,20,3
1485803,2025-03-29 23:00:00,4000022,MODENA,PARCO FERRARI,19,19,4
1485804,2025-03-30 00:00:00,4000022,MODENA,PARCO FERRARI,17,18,4
1485805,2025-03-30 01:00:00,4000022,MODENA,PARCO FERRARI,14,19,4
1485806,2025-03-30 02:00:00,4000022,MODENA,PARCO FERRARI,21,15,4
1485807,2025-03-30 03:00:00,4000022,MODENA,PARCO FERRARI,20,16,4
1485808,2025-03-30 04:00:00,4000022,MODENA,PARCO FERRARI,22,14,4
1485809,2025-03-30 05:00:00,4000022,MODENA,PARCO FERRARI,19,16,4
1485810,2025-03-30 06:00:00,4000022,MODENA,PARCO FERRARI,11,14,4
1485811,2025-03-30 07:00:00,4000022,MODENA,PARCO FERRARI,14,15,5
1485812,2025-03-30 08:00:00,4000022,MODENA,PARCO FERRARI,21,14,6
1485813,2025-03-30 09:00:00,4000022,MODENA,PARCO FERRARI,30,19,8
1485814,2025-03-30 10:00:00,4000022,MODENA,PARCO FERRARI,56,9,2
1485815,2025-03-30 11:00:00,4000022,MODENA,PARCO FERRARI,59,8,1
1485816,2025-03-30 12:00:00,4000022,MODENA,PARCO FERRARI,69,6,0
1485817,2025-03-30 13:00:00,4000022,MODENA,PARCO FERRARI,76,6,0
1485818,2025-03-30 14:00:00,4000022,MODENA,PARCO FERRARI,83,5,0
1485819,2025-03-30 15:00:00,4000022,MODENA,PARCO FERRARI,89,5,0
1485820,2025-03-30 16:00:00,4000022,MODENA,PARCO FERRARI,90,4,0
1485821,2025-03-30 17:00:00,4000022,MODENA,PARCO FERRARI,89,4,0
1485822,2025-03-30 18:00:00,4000022,MODENA,PARCO FERRARI,82,5,0
1485823,2025-03-30 19:00:00,4000022,MODENA,PARCO FERRARI,74,9,0
1485824,2025-03-30 20:00:00,4000022,MODENA,PARCO FERRARI,63,13,0
1485825,2025-03-30 21:00:00,4000022,MODENA,PARCO FERRARI,47,19,0
1485826,2025-03-30 22:00:00,4000022,MODENA,PARCO FERRARI,39,20,2
1485827,2025-03-30 23:00:00,4000022,MODENA,PARCO FERRARI,28,23,2
1485828,2025-03-31 00:00:00,4000022,MODENA,PARCO FERRARI,26,25,3
1485829,2025-03-31 01:00:00,4000022,MODENA,PARCO FERRARI,12,34,6
1485830,2025-03-31 02:00:00,4000022,MODENA,PARCO FERRARI,11,26,5
1485831,2025-03-31 03:00:00,4000022,MODENA,PARCO FERRARI,12,22,6
1485832,2025-03-31 04:00:00,4000022,MODENA,PARCO FERRARI,11,21,6
1485833,2025-03-31 05:00:00,4000022,MODENA,PARCO FERRARI,6,24,7
1485834,2025-03-31 06:00:00,4000022,MODENA,PARCO FERRARI,4,27,11
1485835,2025-03-31 07:00:00,4000022,MODENA,PARCO FERRARI,4,26,22
1485836,2025-03-31 08:00:00,4000022,MODENA,PARCO FERRARI,9,32,31
1485837,2025-03-31 09:00:00,4000022,MODENA,PARCO FERRARI,17,30,26
1485838,2025-03-31 10:00:00,4000022,MODENA,PARCO FERRARI,40,20,8
1485839,2025-03-31 11:00:00,4000022,MODENA,PARCO FERRARI,56,19,5
1485840,2025-03-31 12:00:00,4000022,MODENA,PARCO FERRARI,81,7,1
1485841,2025-03-31 13:00:00,4000022,MODENA,PARCO FERRARI,94,4,0
1485842,2025-03-31 14:00:00,4000022,MODENA,PARCO FERRARI,97,3,0
1485843,2025-03-31 15:00:00,4000022,MODENA,PARCO FERRARI,96,3,0
1485844,2025-03-31 16:00:00,4000022,MODENA,PARCO FERRARI,94,4,0
1485845,2025-03-31 17:00:00,4000022,MODENA,PARCO FERRARI,86,7,0
1485846,2025-03-31 18:00:00,4000022,MODENA,PARCO FERRARI,73,9,0
1485847,2025-03-31 19:00:00,4000022,MODENA,PARCO FERRARI,50,16,1
1485848,2025-03-31 20:00:00,4000022,MODENA,PARCO FERRARI,25,36,5
1485849,2025-03-31 21:00:00,4000022,MODENA,PARCO FERRARI,38,31,4
1485850,2025-03-31 22:00:00,4000022,MODENA,PARCO FERRARI,88,5,0
1485851,2025-03-31 23:00:00,4000022,MODENA,PARCO FERRARI,85,4,0
